,subjects,count
0,AIDS (Disease),167
1,Thailand,119
2,Angkor Wat (Angkor),114
3,Malaysia,105
4,Ethnology,88
5,Java (Indonesia),88
6,Prevention,78
7,Singapore,69
8,Saraks,66
9,BURMESE-PALI,61
10,Leprosy,58
11,Malaysia.,55
12,Burma,54
13,Botany,51
14,Buddhist,49
15,God,48
16,Vietnam,47
17,Safe sex in AIDS prevention,41
18,prevention & control,40
19,Hospitals,35
20,Island plants,32
21,Sex,32
22,Condoms,31
23,Bangkok (Thailand),30
24,Medicine,29
25,Malaria,28
26,"Plants, Cultivated",28
27,drug therapy,27
28,Prostitution,27
29,Prostitutes,27
30,"Plants, Edible",26
31,London (England),26
32,Drugs,25
33,Chiang Mai (Thailand),24
34,Indonesia,24
35,Travel,24
36,Tropical plants,23
37,Malays (Asian people),23
38,Courts and courtiers,23
39,Philippines,22
40,Borneo.,22
41,Patients,21
42,Dayak (Bornean people),21
43,MS BURMESE 22,21
44,Women,20
45,East Asians,20
46,Kenyah (Southeast Asian people),19
47,Kayan (Bornean people),18
48,Acquired Immunodeficiency Syndrome,18
49,"Plants, Useful",17
50,Tropical fruit,17
51,Burma.,17
52,Malaya,17
53,Plants,16
54,Voyages around the world,16
55,British Medical Association,16
56,History,15
57,Tropical Medicine,15
58,Red Cross,15
59,Men,14
60,World Health Organization,14
61,"Dunant, Henry, 1828-1910.",14
62,Boats and boating,14
63,Disabled Persons,14
64,"World War, 1939-1945",13
65,Cambodia,13
66,Funeral rites and ceremonies,13
67,"Tuberculosis, Pulmonary",13
68,World War II,12
69,18th century,12
70,"Plants, Ornamental",11
71,Massage,11
72,Buddhism,11
73,"Education, Medical",11
74,Neoplasms,11
75,Vaccination,11
76,"Abnormalities, Human",10
77,Theravāda Buddhism,10
78,War,10
79,Prisoners of war,10
80,Hanoi (Vietnam),10
81,Physicians,10
82,Ho Chi Minh City (Vietnam),10
83,HIV infections,10
84,HIV (Viruses),10
85,Laos,9
86,Divination,9
87,Contraception,9
88,Couples,9
89,Disease,9
90,"Mongkut, King of Siam, 1804-1868.",9
91,Family Planning Services,9
92,Kuala Lumpur (Malaysia),9
93,Rivers,9
94,"Darwin, Charles, 1809-1882.",9
95,19th century,8
96,Child Welfare,8
97,Hunters,8
98,MS THAI 3,8
99,Stūpas,8
100,Gautama Buddha,8
101,Heart Diseases,8
102,Dwellings,8
103,epidemiology,8
104,Dead,8
105,Manners and customs,8
106,Blowguns,8
107,"Pinang Island (Pulau Pinang, Malaysia)",8
108,Pre-existence.,8
109,Elephants,8
110,Traditional medicine,8
111,Rice,8
112,Smoking,7
113,Palms,7
114,"Pasteur, Louis, 1822-1895.",7
115,Medicinal plants,7
116,Soldiers,7
117,Communicable diseases,7
118,"Plants, Medicinal",7
119,PRESSURE MASSAGE,7
120,Igorot (Philippine people),7
121,Thais,7
122,SIAMESE,7
123,Plague,7
124,Intravenous drug abuse,7
125,therapeutic use,7
126,SHIATSU,7
127,Families,7
128,OR. MS. 22,7
129,OR MS 801,7
130,MS THAI 4,6
131,L0030814,6
132,L0030813,6
133,Military hospitals,6
134,Mandalay (Burma),6
135,Ships,6
136,Junks,6
137,Mental health,6
138,War victims,6
139,"Schweitzer, Albert, 1875-1965.",6
140,Pediatrics,6
141,China,6
142,Beaches,6
143,Military Medicine,6
144,Indigenous peoples,6
145,Trees,6
146,Anthropology,6
147,Camps,6
148,Australia,6
149,Performance,6
150,Vienna (Austria),6
151,Music,6
152,Sumatra (Indonesia),6
153,Research,5
154,British Red Cross Society,5
155,Health Promotion,5
156,MS THAI 2,5
157,International Agencies,5
158,Autobiography,5
159,Biography,5
160,Manila (Philippines),5
161,Public Health,5
162,"Follereau, Raoul.",5
163,"Curie, Marie, 1867-1934.",5
164,Horse racing,5
165,Genetics,5
166,Racetracks (Horse racing),5
167,Hunting,5
168,Poison,5
169,Petal,5
170,Herbal remedies,5
171,Countryside,5
172,New Zealand,5
173,Rangoon (Burma),5
174,Great Britain,5
175,Borneo,5
176,Tobacco,5
177,Chinese,5
178,Skull,5
179,"Chulalongkorn, King of Siam, 1853-1910.",5
180,Freak shows,5
181,Armor,5
182,Fund Raising,5
183,Syringes,5
184,Rites and ceremonies,5
185,Cinchona,5
186,Diabetes Mellitus,5
187,Yantras,5
188,Weapons,5
189,Legumes,5
190,Garden,5
191,Teeth,4
192,"Curie, Pierre, 1859-1906.",4
193,Volcanic gases,4
194,Buddhist monks,4
195,"Fleming, Alexander, Sir, 1881-1955.",4
196,"Hansen, G. Armauer (Gerhard Armauer), 1841-1912.",4
197,Education,4
198,"Young, Nicholas Charles, 1952-",4
199,Parasols,4
200,Krakatoa (Indonesia),4
201,Chao Phraya River (Thailand),4
202,Bangladesh,4
203,Red Cross and Red Crescent,4
204,"Thailand, Northern",4
205,HIV,4
206,Huts,4
207,OR. MS. 11.1,4
208,Disaster relief,4
209,San Francisco Bay Area (Calif.),4
210,Physiology,4
211,surgery,4
212,Chicago (Ill.),4
213,Smallpox,4
214,AIDS Posters,4
215,Dogs,4
216,Drug Industry,4
217,Pharmaceutical Preparations,4
218,Rifles,4
219,"Medicine, Military",4
220,Calendars,4
221,Spears,4
222,AIDS poster,4
223,"Koch, Robert, 1843-1910.",4
224,Dance,4
225,Animals,4
226,Gastroenterology,4
227,Occupational Health,4
228,Hypertrichosis,4
229,Midwifery,4
230,"Keller, Helen, 1880-1968.",4
231,Royal Aquarium (Great Britain),4
232,Nursing,4
233,"Hahnemann, Samuel, 1755-1843.",4
234,Mosquitoes as carriers of disease,4
235,Anesthesia,4
236,Oahu (Hawaii),4
237,Hotlines (Counseling),4
238,Population,4
239,Gardens,4
240,Communicable Diseases,4
241,Smoked meat,4
242,Market,4
243,Indonesia.,4
244,AIDS,4
245,Scaffold burial,4
246,Penicillins,4
247,Armies,4
248,Prome (Burma),4
249,Pulau Pinang (State),4
250,Interior architecture,4
251,"Changi POW Camp (Changi, Singapore)",4
252,Smoking Cessation,4
253,Charity,4
254,Antitussive Agents,4
255,OR. MS. 19,3
256,Myrtaceae,3
257,Medical Records,3
258,Surgery,3
259,Amusements,3
260,OR. MS. 3,3
261,Science,3
262,Colonialism,3
263,"Wat Phra Kǣo (Bangkok, Thailand)",3
264,Musaceae,3
265,Multiple Sclerosis,3
266,Social Work,3
267,Psychiatry,3
268,Community Health Nursing,3
269,Quinine,3
270,Rabies,3
271,Sterculiaceae,3
272,Malta,3
273,Tuberculosis,3
274,Batak (Indonesian people),3
275,Phra Nakhon Si Ayutthaya (Thailand),3
276,Breastfeeding,3
277,Neurology,3
278,Nutrition,3
279,Bananas,3
280,OR. MS. 93,3
281,Bali (Indonesia : Province),3
282,Death,3
283,Public health,3
284,Quinine industry,3
285,"Influenza, Human",3
286,AIDS (Disease) in women,3
287,General Surgery,3
288,India,3
289,Ambulances,3
290,Fujian Sheng (China),3
291,"Xiamen (Xiamen Shi, China)",3
292,Asthma,3
293,Bungalows,3
294,Dwarfs (Persons),3
295,History of Medicine,3
296,Harbors,3
297,Syzygium,3
298,Missions and Missionaries,3
299,"Tottenham Court Road (London, England)",3
300,Ottawa (Ont.),3
301,Paintings,3
302,Botanical gardens,3
303,Zodiac,3
304,Poliomyelitis,3
305,Diseases,3
306,Pregnancy,3
307,Discoveries in geography,3
308,Bands (Music),3
309,Cough,3
310,Flowers,3
311,Hallucinations and illusions,3
312,"Banting, F. G. (Frederick Grant), 1891-1941.",3
313,history,3
314,Padaung (Burma),3
315,Padaung (Burmese people),3
316,"Deformities, Artificial",3
317,Neck,3
318,Yemen (Republic),3
319,New York (N.Y.),3
320,Skin,3
321,Burmese,3
322,Temples,3
323,OR. MS. 26,3
324,Prisoners,3
325,Substance-Related Disorders,3
326,OR. MS. 20,3
327,MS THAI 1,3
328,Children,3
329,Catholics,3
330,Women in medicine,3
331,Female nude in art,3
332,Officers,3
333,"Pavlov, Ivan Petrovich, 1849-1936.",3
334,Relief of sick and wounded,3
335,Volcanoes,3
336,"Mendeleyev, Dmitry Ivanovich, 1834-1907.",3
337,Biological Evolution,3
338,India.,3
339,OR. MS. 37,3
340,"Surgery, Plastic",3
341,Horses,3
342,"Russell, Paul Farr, 1894-1983.",3
343,Military art and science,3
344,Dancers,3
345,Poisonous plants,3
346,Cotton,3
347,Sports,3
348,Clothing and dress,3
349,Deer hunting,3
350,Kelabit (Southeast Asian people),3
351,Sculpture,3
352,Wooden-frame houses,3
353,Beriberi,3
354,Epidemiology,3
355,Rain and rainfall,3
356,Treatment,3
357,Population Control,3
358,Population Growth,3
359,Infants,3
360,Shields,3
361,Race horses,3
362,Heroin,3
363,Orangutans,3
364,Cotton manufacture,3
365,Alcoholism,3
366,Plant products,3
367,Public executions,3
368,Costume,3
369,"Vietnam War, 1961-1975",3
370,Nutrition disorders,3
371,"Building, Wooden",3
372,Islands,3
373,"Vietnam, Northern",3
374,Firemaking,3
375,Steamboats,3
376,Berlin (Germany),2
377,OR. MS. 17,2
378,Cinchona plantation workers,2
379,Military bases,2
380,"Wellcome Trust (London, England)",2
381,"Piccadilly Hall (London, England)",2
382,"Piccadilly (London, England)",2
383,Plantations,2
384,"Boulton, Tom.",2
385,OR. MS. 5,2
386,Netherlands,2
387,OR. MS. 28,2
388,Euphorbiaceae,2
389,Anacardiaceae,2
390,Fruit trees,2
391,Javanese (Indonesian people),2
392,Plantain banana,2
393,Walls,2
394,Apes,2
395,Sapindaceae,2
396,Bornean orangutan,2
397,Punan (Bornean people),2
398,Dewi Sri (Javanese goddess),2
399,Jakarta (Indonesia),2
400,Moraceae,2
401,Barracks,2
402,Tree trunks,2
403,Upas,2
404,Health and hygiene,2
405,Food hygiene,2
406,Clubs,2
407,Merchants,2
408,Bombay (India),2
409,Guangdong Sheng (China),2
410,Military uniforms,2
411,Drug Resistance,2
412,Wellcome Collection,2
413,Biomedical Research,2
414,Battle casualties,2
415,Jewelry,2
416,Playing cards,2
417,United States,2
418,Crutches,2
419,Residual limbs,2
420,Amputees,2
421,Disabled veterans,2
422,Uganda,2
423,Turkey,2
424,Tanzania,2
425,Malawi,2
426,Yaws,2
427,Bays,2
428,Colombo (Sri Lanka),2
429,Alcohol,2
430,Sierra Leone,2
431,Mexico,2
432,Ruined buildings,2
433,Poverty,2
434,Child Mortality,2
435,Annona,2
436,L0030804,2
437,Opium,2
438,L0030805,2
439,Typhoid Fever,2
440,Diplomats,2
441,Astrology,2
442,Expeditions,2
443,Buddhist incantations,2
444,"Associations, institutions, etc",2
445,Sun,2
446,Rehabilitation,2
447,MS THAI 9,2
448,"Missions and Missionaries, Medical",2
449,Annonaceae,2
450,OR. MS. 43,2
451,Rutaceae,2
452,Witchcraft,2
453,Urticaria,2
454,"Rhinitis, Allergic, Seasonal",2
455,Waterfalls,2
456,Dacoits,2
457,"History, Ancient",2
458,Fortification,2
459,Litters,2
460,Hair,2
461,Cooking,2
462,Chickens,2
463,Facial reconstruction (Anthropology),2
464,"Grassi, B. (Giovanni Battista), 1854-1925.",2
465,"Kotnis, Dwarkanath S., 1910-1942.",2
466,"Bassi, Agostino, 1773-1856.",2
467,"Seacole, Mary, 1805-1881.",2
468,"Szold, Henrietta, 1860-1945.",2
469,"Bialik, Hayyim Nahman, 1873-1934.",2
470,"Semmelweis, Ignác Fülöp, 1818-1865.",2
471,Biomedical Engineering,2
472,Genetic Engineering,2
473,Tumors,2
474,Schizophrenia,2
475,Dialysis,2
476,Ritual,2
477,Mozambique,2
478,Morocco,2
479,Montserrat,2
480,Mongolia,2
481,Monaco,2
482,Moldova,2
483,Horsemanship,2
484,Exorcism,2
485,Fire,2
486,Medical Tourism,2
487,Psychiatric hospitals,2
488,Nervous System Diseases,2
489,Neurosurgery,2
490,Punishment,2
491,Prison treadmills,2
492,Processions,2
493,adverse effects,2
494,Villages,2
495,Pagodas,2
496,Claybury Mental Hospital,2
497,Craniofacial,2
498,Murut (Bornean people),2
499,Citrus fruits,2
500,OR. MS. 27,2
501,Human skeleton,2
502,Rubiaceae,2
503,Stroke,2
504,Weaving,2
505,Monkeys,2
506,Vivisection,2
507,"Animals, Laboratory",2
508,Ornamental trees,2
509,Headhunters,2
510,Araceae,2
511,Towers,2
512,OR. MS. 16,2
513,OR. MS. 36,2
514,OR. MS. 9,2
515,"Avicenna, 980-1037.",2
516,Chemical warfare,2
517,Papua (Indonesia),2
518,Fiber plants,2
519,House plants,2
520,Citrus,2
521,Allergy and Immunology,2
522,"Herzberg, Gerhard, 1904-1999.",2
523,Lung Neoplasms,2
524,Prisons,2
525,Snakes,2
526,Warts,2
527,"Trypanosomiasis, African",2
528,Insulin,2
529,Burkina Faso,2
530,Cameroon,2
531,Canada,2
532,Canal Zone,2
533,Cabo Verde,2
534,Cayman Islands,2
535,"Smith, Michael, 1932-2000.",2
536,"Jamot, Eugène, 1879-1937.",2
537,"Bethune, Norman.",2
538,Lagos (Nigeria),2
539,Family size,2
540,"Trout, Jeannie Kidd, 1841-1921.",2
541,Breasts,2
542,Demon,2
543,"Penfield, Wilder, 1891-1976.",2
544,"Griffith, Harold Randall, 1894-1985.",2
545,Kaohsiung Harbor (Taiwan),2
546,L0030806,2
547,Polo,2
548,Rhodesia and Nyasaland,2
549,Gait,2
550,Deficiency Diseases,2
551,"Thiwākarawong, Prince, son of Mongkut, King of Siam.",2
552,"Bhanurangsi Savanwongse, Prince, 1859-1928.",2
553,Barges,2
554,Belief,2
555,Heat,2
556,First Aid,2
557,Poland,2
558,"Surgery, Operative",2
559,Portugal,2
560,Krao.,2
561,Veterinary Medicine,2
562,Yokes,2
563,Tobacco pipes,2
564,Tape Recording,2
565,Purple,2
566,Laboratory Animal Science,2
567,Refugees,2
568,Family relationships,2
569,Metabolism,2
570,Thalidomide,2
571,"Abnormalities, Drug-Induced",2
572,Guinea-Bissau,2
573,Delivery of Health Care,2
574,"Goa, Daman and Diu (India)",2
575,Timor-Leste,2
576,Ataxia,2
577,Gibraltar,2
578,"Westminster (London, England)",2
579,Helplines,2
580,Rio Grande Valley (Colo.-Mexico and Tex.),2
581,"Pigneau de Béhaine, Pierre-Joseph, 1741-1799",2
582,Tomb.,2
583,Water Pollution,2
584,Psychology,2
585,Ear,2
586,Eye,2
587,Psychoanalysis,2
588,Washington (D.C.),2
589,Obstetrics,2
590,Hawaii,2
591,Health education,2
592,"Scott-Moncrieff, William, Brigadier-General, -1915.",2
593,Cross-dressing,2
594,Jesus Christ,2
595,Fractures,2
596,administration & dosage,2
597,"Bock, Carl, 1849-1932.",2
598,Urology,2
599,Sri Lanka,2
600,Child Abuse,2
601,"Spion Kop, Battle of, South Africa, 1900",2
602,"South African War, 1899-1902",2
603,Schistosoma,2
604,Umbrellas,2
605,"Congenital,Hereditary and Neonatal Disease and Abnormalities",2
606,Qatar,2
607,Animal Experimentation,2
608,"Pinklao, King of Siam, 1808-1865.",2
609,"Rizal, José, 1861-1896.",2
610,Survival,2
611,Malnutrition,2
612,Steam yachts,2
613,Radiography,2
614,X-Rays,2
615,Butterflies,2
616,Businessmen,2
617,Tonsure,2
618,Extraction,2
619,"Braille, Louis, 1809-1852.",2
620,"Castañeda de Pardo, Maria Jesus.",2
621,"Carrión, Daniel Alcides, 1857-1885.",2
622,"Humboldt, Alexander von, 1769-1859.",2
623,Philippine Pharmaceutical Association,2
624,"Journalism, Medical",2
625,Indigenous people,2
626,Oxen,2
627,St. John Ambulance Association,2
628,UNICEF,2
629,Sleep,2
630,Opium abuse,2
631,Convenience foods,2
632,Life rafts,2
633,Grand Canyon (Ariz.),2
634,Alcoholics,2
635,Child abuse,2
636,Starvation,2
637,Romania,2
638,Feral children,2
639,Diet,2
640,Body piercing,2
641,Child Guidance,1
642,Children Health Hygiene,1
643,Ethics,1
644,Military campaigns,1
645,"Padma Sambhava, approximately 717-approximately 762.",1
646,Vessantara.,1
647,Far East,1
648,Paediatrics,1
649,Dwarfism,1
650,Fluoridation,1
651,Entomology,1
652,Parasitology,1
653,B.1,1
654,Eye Diseases,1
655,Mummies,1
656,A.6,1
657,Respiratory Organs Disease,1
658,A.23,1
659,Climbing plants,1
660,Praus,1
661,Preventive Medicine,1
662,Maine (Hospital-ship),1
663,Safety measures,1
664,Paratyphoid Fever,1
665,Ophthalmology,1
666,B.19,1
667,Baguio (Philippines),1
668,"Cruz, Juan de la.",1
669,"Heneage Algernon Charles Fieschi, 1834-1915.",1
670,"Societies, Medical",1
671,Women in Medicine,1
672,OR. MS. 1,1
673,Complementary Therapies,1
674,Menopause,1
675,B.21,1
676,OR. MS. 44,1
677,A.4,1
678,"Charities, Medical",1
679,Civil defense,1
680,Cystic Fibrosis,1
681,Sanatoriums,1
682,Levonorgestrel,1
683,"Contraceptive Agents, Female",1
684,OR. MS. 7,1
685,Mass Screening,1
686,Lima bean,1
687,A.9,1
688,A.17,1
689,Pneumoconiosis,1
690,Professional Practice,1
691,Women's Health,1
692,Forensic Medicine,1
693,Bacteriology,1
694,Mycobacterium Bovis,1
695,B.13,1
696,Congenital Abnormalities,1
697,OR. MS. 18,1
698,Political participation,1
699,Carcinogens,1
700,Gynecology,1
701,Chest,1
702,Bronchitis,1
703,Vaccine,1
704,Occupational Therapy,1
705,B.17,1
706,Emphysema,1
707,Soviet Union,1
708,B.3,1
709,Lung Disease,1
710,Biological warfare,1
711,British Virgin Islands,1
712,Beans,1
713,Prisoners and prisons,1
714,Measles,1
715,Blindness,1
716,Trachoma,1
717,Kings and rulers,1
718,Anatomy,1
719,Javelin throwing,1
720,Neurosciences,1
721,Female,1
722,Toronto (Ont.),1
723,Gay men,1
724,Textiles,1
725,Leg irons,1
726,Transport of sick and wounded,1
727,Invalids,1
728,Ventilation,1
729,Physiognomy,1
730,Face,1
731,Vietnamese,1
732,Ascetics,1
733,Monks,1
734,Nativity.,1
735,Peru,1
736,Paraguay,1
737,Encephalitis,1
738,Tobacco Smoke Pollution,1
739,Genetic Research,1
740,Animal fighting,1
741,Kidney Diseases,1
742,Palestine,1
743,Pakistan,1
744,Oman,1
745,Nephrology,1
746,Panama,1
747,Mythology,1
748,Tobacco Industry,1
749,Acupuncture,1
750,Parade floats,1
751,Korea,1
752,Papua New Guinea,1
753,Puppets,1
754,Puppet theater,1
755,Physician and patient,1
756,Regattas,1
757,Koreans,1
758,Tiger hunting,1
759,Liver Diseases,1
760,Saùng-gauk,1
761,Vegetables,1
762,Happiness,1
763,Orchids,1
764,Lydia E. Pinkham's Vegetable Compound,1
765,B.10,1
766,Brunei,1
767,Bulgaria,1
768,"Welser, Philippine, 1527-1580.",1
769,Burundi,1
770,Marriage,1
771,Pink,1
772,Menstruation Disturbances,1
773,Gloucester Infirmary,1
774,Stretchers,1
775,Venezuela Gulf Hospital,1
776,Transportation of Patients,1
777,Mules,1
778,Infection,1
779,Mountain Province (Philippines),1
780,Beheading,1
781,Osteoporosis,1
782,Bontoks (Philippine people),1
783,Crops,1
784,Mangrove plants,1
785,Toothpastes,1
786,Sonneratiaceae,1
787,Cerebral Palsy,1
788,Firing squads (Execution),1
789,Shwebo (Burma),1
790,Marketing of Health Services,1
791,o-Chlorobenzylidenemalonitrile,1
792,"Russell, Phyllis Hope Additon.",1
793,Yellow,1
794,"Balawing, Junrey.",1
795,Great Britain. Army. Royal Welsh Fusiliers,1
796,Health Services Administration,1
797,Zamboanga del Norte (Philippines),1
798,Catholic Church,1
799,Schistosoma japonicum,1
800,Marantaceae,1
801,classification,1
802,Heritiera,1
803,Bauhinia,1
804,C.2,1
805,"Elephantiasis, Filarial",1
806,Gardenia,1
807,Pontederiaceae,1
808,A.14,1
809,Seychelles,1
810,A.5,1
811,Demography,1
812,Swamps,1
813,Blood platelets,1
814,Coconut,1
815,Ủy ban quốc gia phòng chống AIDS (Vietnam),1
816,Fishes,1
817,Moon,1
818,Cathedrals,1
819,Quails,1
820,Ducks,1
821,Child welfare,1
822,Game fowl,1
823,"McCullum, Captain.",1
824,B.18,1
825,"Rhodes, E.",1
826,Wellcome Library,1
827,Posters,1
828,Royal Engineers,1
829,"Farrar, Jeremy.",1
830,Tailors,1
831,etiology,1
832,Sailing ships,1
833,"Influenza A Virus, H5N1 Subtype",1
834,Malabar Coast.,1
835,Communicable Disease Control,1
836,Mountains,1
837,Kwashiorkor,1
838,Infant Care,1
839,Breast Feeding,1
840,Tibia,1
841,Rats,1
842,Immune Sera,1
843,Wallis and Futuna,1
844,Venezuela,1
845,Vatican,1
846,Meteorology,1
847,Vanuatu,1
848,"Badenoch, John, Sir, 1920-1996.",1
849,Navigation,1
850,Diphtheria,1
851,Micronesia (Federated States),1
852,Counseling,1
853,Uruguay,1
854,"Ross, Ronald, Sir, 1857-1932.",1
855,Hernia,1
856,Visually Impaired Persons,1
857,Celiac Disease,1
858,"Watson, Malcolm, 1873-1955.",1
859,Eyeglasses,1
860,Muslims,1
861,Phytotherapy,1
862,Soups,1
863,Herbal Medicine,1
864,Tea,1
865,Health aspects,1
866,Artificial limbs,1
867,Criminal courts,1
868,Medical aspects,1
869,Convalescence,1
870,Physical diagnosis,1
871,Immunization,1
872,Blood Donors,1
873,Russia,1
874,"Dunan, François, 1884-1964.",1
875,Rwanda,1
876,Saint Helena,1
877,Saint Kitts and Nevis,1
878,Saint Lucia,1
879,Saint Pierre and Miquelon,1
880,"Diana, Princess of Wales, 1961-1997.",1
881,Sao Tome and Principe,1
882,Warfare,1
883,"Ašič, Simon, 1906-1992.",1
884,Saint Vincent,1
885,Samoa,1
886,"Maimonides, Moses, 1135-1204.",1
887,San Marino,1
888,Slovenia,1
889,Shāriqah (United Arab Emirates),1
890,Trials,1
891,Logos (Symbols),1
892,Agent Orange,1
893,"Whampoa, Hoh-Ah-Kay, Consul for Russia, China and Japan.",1
894,Pre-Linnean works,1
895,Melastomataceae,1
896,Police,1
897,Fetus,1
898,Bombardment,1
899,"Death, Sudden",1
900,Nurses,1
901,Red cross (Symbol),1
902,Bandages and bandaging,1
903,Relief of the sick and wounded,1
904,Youth,1
905,Care of the sick,1
906,Air warfare,1
907,Raffles Theatre (Singapore),1
908,"Elion, Gertrude B.",1
909,Relaxation,1
910,Bells,1
911,Veterinary Drugs,1
912,C. W. Turley (Firm),1
913,"Hitchings, George.",1
914,Napalm,1
915,World AIDS day,1
916,Common moorhen,1
917,"Vaz Ferreira, Carlos, 1872-1958.",1
918,"Morquio, Luis, 1867-1935.",1
919,Chaozhou Shi (China),1
920,A.22,1
921,Great Britain. National Health Service,1
922,Southampton General Hospital,1
923,OR. MS. 80,1
924,Blood,1
925,China.,1
926,Transfusion,1
927,A.20,1
928,B.9,1
929,Shamanism,1
930,Helminths,1
931,Parasitic Diseases,1
932,Hookworm Infections,1
933,B.8,1
934,A.8,1
935,Mental Health Associations,1
936,Social Medicine,1
937,OR. MS. 40,1
938,Influenza in Birds,1
939,Chairs,1
940,A.18,1
941,OR. MS. 8,1
942,B.4,1
943,OR. MS. 45,1
944,A.7,1
945,A.10,1
946,A.13,1
947,B.16,1
948,OR. MS. 21,1
949,B.11,1
950,Research Support as Topic,1
951,B.7,1
952,B.14,1
953,OR. MS. 2,1
954,Eugenics,1
955,Embryology,1
956,"Cruz, Martina de la.",1
957,Infectious Disease,1
958,Drug Therapy,1
959,B.2,1
960,Infectious Diseases,1
961,A.16,1
962,OR. MS. 25,1
963,Nuclear warfare,1
964,B.12,1
965,B.15,1
966,Cold War,1
967,Senegal,1
968,B.23,1
969,A.15,1
970,"Doll, Richard, Sir, 1912-",1
971,B.22,1
972,OR. MS. 23,1
973,Hepatitis B,1
974,"Restorations, Political",1
975,Syphilis,1
976,Gonorrhea,1
977,Roses,1
978,New York University. Medical Center,1
979,Angkor (Extinct city),1
980,Hong Kong (China),1
981,Natural History,1
982,New York University. Institute of Physical Medicine and Rehabilitation,1
983,"Rusk, Howard A., 1901-1989.",1
984,Maternal-Child Health Centers,1
985,trends,1
986,Ornithology,1
987,"Galard Terraube, Geneviève de, 1925-",1
988,Rehabilitation centers,1
989,People with disabilities,1
990,Hong Kong,1
991,Wounds and injuries,1
992,Hand,1
993,Fibula,1
994,"Beauperthuy, Louis Daniel, 1807-1871.",1
995,San Francisco (Calif.),1
996,Central African Republic,1
997,"Hôpital Notre-Dame (Montréal, Québec)",1
998,Hermits,1
999,Exile (Punishment),1
1000,A.12,1
1001,Sexually transmitted diseases,1
1002,A.2,1
1003,"Surgery, Oral",1
1004,"Zorab, John S. M.",1
1005,Umbelliferae,1
1006,B.5,1
1007,A.1,1
1008,B.6,1
1009,OR. MS. 29,1
1010,C.1,1
1011,A.11,1
1012,OR. MS. 105,1
1013,B.20,1
1014,A.3,1
1015,OR. MS. 42,1
1016,Herbs,1
1017,A.19,1
1018,Rheumatic Diseases,1
1019,Kazakhstan,1
1020,Giants (Folklore),1
1021,Phrenology,1
1022,"Chang, Woo Gow, 1841-1893.",1
1023,Ransom,1
1024,"Surgery, Naval",1
1025,OR. MS. 84,1
1026,Zingiberaceae,1
1027,Mauritius,1
1028,GC,1
1029,Khōn (Dance drama),1
1030,Lakhō̜n chātrī,1
1031,"Bamrāppō̜rapak, Prince, son of Phutthalœ̄tlā Naphālai, King of Siam, 1819-1886.",1
1032,Asiatic elephant,1
1033,Surawongse.,1
1034,"Wat Kanlayānamit (Bangkok, Thailand)",1
1035,SETH LEE BARRON,1
1036,Raja Ismail.,1
1037,Adolescence,1
1038,Foot,1
1039,Tooth,1
1040,World War I,1
1041,Sexually Transmitted Disease,1
1042,Vaccines,1
1043,1782-1945,1
1044,"Thomson, J. (John), 1837-1921.",1
1045,Bridges,1
1046,Thailand.,1
1047,Phetchaburi (Thailand),1
1048,"Rāchōthai, M.R.",1
1049,"Wat ʻArunrātchawarārām (Bangkok, Thailand)",1
1050,Safe Sex,1
1051,Sexually Transmitted Diseases,1
1052,Mériel (France),1
1053,Pathum Thani (Thailand),1
1054,Atrocities,1
1055,AIDS (Disease) in children,1
1056,"Wat Phrachētuphon (Bangkok, Thailand)",1
1057,Birth control,1
1058,"Leonowens, Louis, approximately 1855-1919.",1
1059,Herpesvirus diseases,1
1060,Maternal Welfare,1
1061,Dentistry,1
1062,Child guidance,1
1063,Central Nervous System,1
1064,Developmental psychology,1
1065,Child development,1
1066,Man,1
1067,Male,1
1068,Smoking paraphernalia,1
1069,Drug paraphernalia,1
1070,Teapots,1
1071,Shadow puppets,1
1072,Shadow shows,1
1073,"Wounds, Gunshot",1
1074,Jaw,1
1075,Saddlery,1
1076,Accidents,1
1077,Burns,1
1078,Deficiency diseases,1
1079,Mahāwitthayālai Mahidon. Khana Wētchasāt Khētrō̜n,1
1080,"Typhus, Epidemic Louse-Borne",1
1081,Respiratory Tract Diseases,1
1082,Renal Insufficiency,1
1083,Thoracic Diseases,1
1084,Cholera,1
1085,MALAYAN MS 1,1
1086,Filariasis,1
1087,Loiasis,1
1088,Eosinophilia,1
1089,Onchocerciasis,1
1090,Diethylcarbamazine,1
1091,Antinematodal Agents,1
1092,Malayan pangolin,1
1093,Snake Venoms,1
1094,Kaposi's sarcoma,1
1095,Body temperature,1
1096,Thermometers,1
1097,Tristan da Cunha,1
1098,Sleep Wake Disorders,1
1099,Plant Preparations,1
1100,Snoring,1
1101,British American Tobacco Company,1
1102,Stafford-Miller Ltd,1
1103,Plowing,1
1104,Ox driving,1
1105,Spirochaetales Infections,1
1106,Pinta,1
1107,Treponemal Infections,1
1108,Switzerland,1
1109,Togo,1
1110,Transkei (South Africa),1
1111,Trinidad and Tobago,1
1112,Tunisia,1
1113,Rings,1
1114,Turks and Caicos Islands,1
1115,Tuvalu,1
1116,United Arab Emirates,1
1117,United Nations,1
1118,"Aretaeus, of Cappadocia.",1
1119,"Bernard, Claude, 1813-1878.",1
1120,"Enders, John F.",1
1121,"Florey, Howard, Baron Florey, 1898-1968.",1
1122,"Halstead, William Stewart, 1852-1922.",1
1123,"Kocher, Theodor, 1841-1917.",1
1124,"Magendie, François, 1783-1855.",1
1125,"Malpighi, Marcello, 1628-1694.",1
1126,"Minkowski, Oscar, 1858-1931.",1
1127,"Ramón y Cajal, Santiago, 1852-1934.",1
1128,Dreams,1
1129,Dream interpretation,1
1130,Infections,1
1131,Weddings,1
1132,"Thongtaem, Prince, 1857-1919.",1
1133,"Phrabō̜rommamahārātchawang (Bangkok, Thailand)",1
1134,Torture,1
1135,Thieves,1
1136,Love,1
1137,Compassion,1
1138,Jesus Christ.,1
1139,Catholic Church Pope (1978-2005 : John Paul II),1
1140,Religions,1
1141,Family.,1
1142,Buddhist legends,1
1143,Glass,1
1144,Water,1
1145,Locks and keys,1
1146,Wedding costume,1
1147,Bamboo construction,1
1148,Breast,1
1149,Eyelids,1
1150,Bangkok Hospital,1
1151,Frail Elderly,1
1152,Anesthesiologists,1
1153,Operating rooms,1
1154,Operating room personnel,1
1155,Surgical instruments and apparatus,1
1156,Conjoined twins,1
1157,"Bunker, Chang, 1811-1874.",1
1158,"Bunker, Eng, 1811-1874.",1
1159,Appendix (Anatomy),1
1160,Emergency medicine,1
1161,Surgical emergencies,1
1162,Fortune-telling,1
1163,"Tengku Zia Uddin ibni Al-Marhum, Sultan Zainal Halim of Kedah.",1
1164,"Vesalius, Andreas, 1514-1564.",1
1165,Hunting and gathering societies,1
1166,Burial,1
1167,Earrings,1
1168,Idols and images,1
1169,Gods,1
1170,Antiarin,1
1171,"Hunting, Prehistoric",1
1172,"Charles, Rajah of Sarawak, 1829-1917.",1
1173,"Davidson, James Guthrie, -1891.",1
1174,Southeast Asia.,1
1175,Fishing boats,1
1176,Pole houses,1
1177,Fishers,1
1178,Fishing,1
1179,Canoes and canoeing,1
1180,Cemeteries,1
1181,Sepulchral monuments,1
1182,Tombs,1
1183,House construction,1
1184,Building,1
1185,Orphanages,1
1186,Orphans,1
1187,Johor (Malaysia),1
1188,Sisters of the Holy Infant Jesus,1
1189,Thatched buildings,1
1190,Carriages and carts,1
1191,Mother and child,1
1192,Flags,1
1193,Public health nursing,1
1194,History of Nursing,1
1195,Quietude,1
1196,Ceremonial exchange,1
1197,Leaves,1
1198,Cotton spinning,1
1199,World health,1
1200,Flute,1
1201,Diseases and pests,1
1202,Control,1
1203,Life cycles,1
1204,Spirits,1
1205,Demonology,1
1206,"Malacca (Malacca, Malaysia)",1
1207,Oslo (Norway),1
1208,Orthopedics,1
1209,Magnetic Resonance Imaging,1
1210,Spine,1
1211,ANOC Neuroscience and Orthopaedic Centre,1
1212,Museums,1
1213,Musical instruments,1
1214,Tam-tam,1
1215,Musicians,1
1216,"Borneo Company (Kuching, Sarawak)",1
1217,Malaysia. Tentera Darat,1
1218,Beehives,1
1219,Birds,1
1220,Owls,1
1221,Cockfighting,1
1222,Blacksmiths,1
1223,Sundials,1
1224,Pythons,1
1225,Jails,1
1226,Wrestling,1
1227,Wrestlers,1
1228,Looms,1
1229,Handicraft,1
1230,Corsets,1
1231,Food,1
1232,Dinners and dining,1
1233,Gutta-percha,1
1234,New Winner,1
1235,Emergency Medicine,1
1236,Modern,1
1237,Acquired Immunodeficiency Syndrome.mr,1
1238,Lassa Fever,1
1239,Disease Outbreaks,1
1240,Pharmacy,1
1241,Ergotism,1
1242,Reptiles,1
1243,Restaurants,1
1244,"Cooking, Chinese",1
1245,"Cooking, Thai",1
1246,"Cooking, Malaysian",1
1247,"Cooking, Vietnamese",1
1248,"Lewisham (London, England)",1
1249,Liver retractor,1
1250,Osteosclerosis,1
1251,Judaism,1
1252,Mutation,1
1253,"Genetics, Medical",1
1254,Genes,1
1255,Heredity,1
1256,Breeding,1
1257,Dissent and Disputes,1
1258,Refuse and refuse disposal,1
1259,Terengganu,1
1260,"Malacca, Strait of",1
1261,Caves,1
1262,"China, Captain.",1
1263,Horse-drawn vehicles,1
1264,"Birch, J. W. W. (James Wheeler Woodford), 1826-1875.",1
1265,Calcinosis,1
1266,Hypothyroidism,1
1267,Rubber,1
1268,Maldives,1
1269,Rubber plants,1
1270,Rubber tappers,1
1271,Stem Cells,1
1272,Stem Cell Transplantation,1
1273,Granulocyte Colony-Stimulating Factor,1
1274,Tissue and Organ Harvesting,1
1275,Kuala Lumpur Sports Medicine Centre,1
1276,Body marking,1
1277,Face painting,1
1278,Decoration and ornament,1
1279,"Medicine, Chinese Traditional",1
1280,Macau (China : Special Administrative Region),1
1281,Macedonia,1
1282,Madagascar,1
1283,Mali,1
1284,Down Syndrome,1
1285,"Eberth, Carl Joseph, 1835-1926.",1
1286,"Freud, Sigmund, 1856-1939.",1
1287,"Nobel, Alfred Bernhard, 1833-1896.",1
1288,Passive smoking,1
1289,"Nunn, John, 1955-",1
1290,Church buildings,1
1291,Global Health,1
1292,Severe Dengue,1
1293,Schistosomiasis,1
1294,Chemistry,1
1295,Altitude Sickness,1
1296,Chemical Warfare,1
1297,Alchemy,1
1298,Pain,1
1299,"Salk, Jonas, 1914-1995.",1
1300,"Guarino, Julia, 1897-1985.",1
1301,Mauritania,1
1302,Imperialism,1
1303,"Disraeli, Benjamin, 1804-1881.",1
1304,Transvaal (South Africa),1
1305,Afghanistan,1
1306,Nanggroe Aceh Darussalam (Indonesia),1
1307,Bosnia and Herzegovina,1
1308,Cyprus,1
1309,Medicine shows,1
1310,Amaranthaceae,1
1311,"Ronnefeldt, Fritz.",1
1312,Royal New Zealand Society for the Health of Women and Children,1
1313,St. John Ambulance (England),1
1314,Food and Agriculture Organization of the United Nations,1
1315,Plunket Society,1
1316,"King, Truby, 1858-1938.",1
1317,"Victoria, Queen of Great Britain, 1819-1901.",1
1318,"Salisbury, Robert Cecil, Marquess of, 1830-1903.",1
1319,"Abdülhamid II, Sultan of the Turks, 1842-1918.",1
1320,"Fransen van de Putte, I. D. (Isaac Dignus), 1822-1902.",1
1321,"MacMahon, Edme Patrice Maurice, comte de, 1808-1893.",1
1322,"Franz Joseph I, Emperor of Austria, 1830-1916.",1
1323,"Alexander II, Emperor of Russia, 1818-1881.",1
1324,"Lytton, Edward Robert Bulwer Lytton, Earl of, 1831-1891.",1
1325,"Leo XIII, Pope, 1810-1903.",1
1326,"Bismarck, Otto, Fürst von, 1815-1898.",1
1327,"Umberto I, King of Italy, 1844-1900.",1
1328,"Shepstone, Theophilus, 1817-1893.",1
1329,"Burgers, Thomas François, 1834-1881.",1
1330,Congress of Berlin (1878),1
1331,Family planning,1
1332,Arbovirus Infections,1
1333,Virus Diseases,1
1334,"Loudon Alexander, active approximately 1831.",1
1335,"Gases, Asphyxiating and poisonous",1
1336,Animal experimentation,1
1337,Caladium,1
1338,Anacardium,1
1339,Cashew,1
1340,Cashew nut,1
1341,Nut trees,1
1342,Gums and resins,1
1343,Theobroma,1
1344,Cacao,1
1345,Cocoa,1
1346,Psychotropic plants,1
1347,Cacao beans,1
1348,Chocolate,1
1349,Rafflesiaceae,1
1350,Abnormalities,1
1351,Aromatic plants,1
1352,Taro,1
1353,Fruit,1
1354,Gamelan,1
1355,Lythraceae,1
1356,Lagerstroemia,1
1357,Spathiphyllum,1
1358,Cut flowers,1
1359,Shamans,1
1360,Charms,1
1361,Necklaces,1
1362,Apocynaceae,1
1363,Strophanthus,1
1364,Protest movements,1
1365,Chamaerops,1
1366,European fan palm,1
1367,Coconut palm,1
1368,Arthropod Vectors,1
1369,Population research,1
1370,Clove,1
1371,"Selection, Genetic",1
1372,Thermal Imaging,1
1373,Thermography,1
1374,Komodo,1
1375,Dragon,1
1376,Neanderthals,1
1377,Humans,1
1378,Evolution,1
1379,"History, Medieval",1
1380,Archaeology,1
1381,Maize,1
1382,"Barwick, Matthew, active approximately 1935.",1
1383,Winter,1
1384,Extinction (Biology),1
1385,Environmentalism,1
1386,Ecology,1
1387,Korea (South),1
1388,Pesticides,1
1389,Ecosystem,1
1390,"Wallace, Alfred Russel, 1823-1913.",1
1391,"Haeckel, Ernst, 1834-1919.",1
1392,"Morris, William, 1834-1896.",1
1393,"Tutt, James W.",1
1394,"Elton, Charles S. (Charles Sutherland), 1900-1991.",1
1395,"Carson, Rachel, 1907-1964.",1
1396,"Lovelock, James.",1
1397,Young men,1
1398,Tattooing,1
1399,Giraffe women,1
1400,Tetanus,1
1401,Marshall Islands,1
1402,Lega del Filo d'Oro,1
1403,Korea (North),1
1404,Cookery,1
1405,National Society of Non-Smokers,1
1406,Bullock,1
1407,Transport,1
1408,Himalayas,1
1409,Sherpas,1
1410,Developing world,1
1411,Hominidae,1
1412,Cebidae,1
1413,Animal Use Alternatives,1
1414,Animal Welfare,1
1415,Dermatology,1
1416,Immune System,1
1417,Cigarettes,1
1418,"Reece-Jones, Margaretta.",1
1419,Miller of Golden Square Ltd,1
1420,Health Education Authority (Great Britain),1
1421,Kiribati,1
1422,Environmental Health,1
1423,Climate Change,1
1424,Addison Disease,1
1425,Poetry,1
1426,"Napoleonic Wars, 1800-1815",1
1427,"Ichthyosis, Lamellar",1
1428,Neurofibromatoses,1
1429,Italy,1
1430,Côte d'Ivoire,1
1431,Jamaica,1
1432,Japan,1
1433,Ōita-ken (Japan),1
1434,Jordan,1
1435,Kenya,1
1436,Amaranths,1
1437,Edible greens,1
1438,"Luisi, Paulina, 1875-1950.",1
1439,Fortune telling,1
1440,"West End (London, England)",1
1441,Baths,1
1442,L0030810,1
1443,MS THAI 12,1
1444,MS THAI 13,1
1445,Future,1
1446,Astronomical,1
1447,Annona reticulata,1
1448,Masks,1
1449,Vocational qualifications,1
1450,Diplomacy,1
1451,Employment References,1
1452,Anemia,1
1453,Bone Marrow,1
1454,Dharma (Buddhism),1
1455,Snake Bites,1
1456,Insects,1
1457,Insect Bites and Stings,1
1458,Midwives,1
1459,Fever,1
1460,"Thais, Saint, active 4th century.",1
1461,L0030811,1
1462,L0030800,1
1463,L0030801 - DETAIL,1
1464,Hot peppers,1
1465,Cooking (Chicken),1
1466,Analgesics,1
1467,Parasympatholytics,1
1468,Histamine Antagonists,1
1469,Anti-Arrhythmia Agents,1
1470,Ganglionic Blockers,1
1471,Hematology,1
1472,Transsexualism,1
1473,Disorders of Sex Development,1
1474,Exhibitions,1
1475,Terre des hommes Schweiz,1
1476,Jamʻīyat al-Hilāl al-Aḥmar li-Dawlat al-Imārāt al-ʻArabīyah al-Muttaḥidah,1
1477,Thalassemia,1
1478,Antimalarials,1
1479,Infertility,1
1480,Culicidae,1
1481,Plasmodium malariae,1
1482,Surgical Instruments,1
1483,Dyspepsia,1
1484,Peptic Ulcer,1
1485,Anti-Ulcer Agents,1
1486,Antidepressive Agents,1
1487,Depression,1
1488,Red,1
1489,Art,1
1490,"Sino-Japanese War, 1937-1945",1
1491,Medicine in the Arts,1
1492,"Stores, Retail",1
1493,AIDS Vaccines,1
1494,"Malaria, Cerebral",1
1495,Unskilled labor,1
1496,"Shantou (Guangdong Sheng, China)",1
1497,Homosexuality,1
1498,HIV Infections,1
1499,transmission,1
1500,Heterosexuality,1
1501,Blood Transfusion,1
1502,Geneva (Switzerland),1
1503,Breast Neoplasms,1
1504,Child Development,1
1505,Silicosis,1
1506,Whooping Cough,1
1507,Chinese Medicine,1
1508,Racially mixed families,1
1509,Heralds,1
1510,Timor Island,1
1511,Malvaceae,1
1512,Durio,1
1513,Meliaceae,1
1514,Mud volcanoes,1
1515,Enslaved persons,1
1516,"Merapi Volcano (Java, Indonesia)",1
1517,Ronggeng (Dance),1
1518,Sterculia,1
1519,Mango,1
1520,Croton (Genus),1
1521,Elettaria,1
1522,Cardamoms,1
1523,Nephelium,1
1524,Solor Island (Indonesia),1
1525,Rambutan,1
1526,Oils and fats,1
1527,Commelinaceae,1
1528,Tradescantia,1
1529,Nyctaginaceae,1
1530,Pisonia,1
1531,Pisonia sylvestris,1
1532,Tropical vegetables,1
1533,Albinism,1
1534,Pummelo,1
1535,Karo-Batak (Indonesian people),1
1536,Magic,1
1537,Uhunduni (Indonesian people),1
1538,Utakwa River,1
1539,Tangkubanperahu Mountain (Indonesia),1
1540,Transmission,1
1541,TCM,1
1542,Health Services,1
1543,Materia dietetica,1
1544,Priests,1
1545,Baptism,1
1546,"Shandy, Walter (Fictitious character)",1
1547,"Shandy, Tristram (Fictitious character)",1
1548,Foreign workers,1
1549,Alexander technique,1
1550,Aromatherapy,1
1551,Chartered Society of Massage and Medical Gymnastics,1
1552,Everwell Healthcare,1
1553,Be Relax (Firm),1
1554,Putney Clinic,1
1555,Conservation,1
1556,International Planned Parenthood Federation,1
1557,Paleobotany,1
1558,"Nijholt, Willem, 1934-",1
1559,Naval Medicine,1
1560,Birth: North America,1
1561,Hanger,1
1562,Sample,1
1563,Anaesthetic,1
1564,Unani Tibb,1
1565,Parturition,1
1566,Botanists,1
1567,Lebak (Indonesia),1
1568,"Nattanagara, Regent of Lebak, active approximately 1843.",1
1569,Serang (Indonesia),1
1570,"Adi Patti Mandura, Regent of Serang, active approximately 1843.",1
1571,Leopard hunting,1
1572,Medical care,1
1573,Clinical Medicine,1
